[{"tipo": "2006 gasolina", "valor": "30856"}, {"tipo": "2007 gasolina", "valor": "32536"}, {"tipo": "2008 gasolina", "valor": "34971"}, {"tipo": "2009 gasolina", "valor": "38511"}, {"tipo": "2010 gasolina", "valor": "40596"}, {"tipo": "2011 gasolina", "valor": "42063"}, {"tipo": "2012 gasolina", "valor": "45205"}, {"tipo": "2013 gasolina", "valor": "49095"}, {"tipo": "2014 gasolina", "valor": "56587"}, {"tipo": "2015 gasolina", "valor": "61564"}, {"tipo": "2016 gasolina", "valor": "65251"}, {"tipo": "2017 gasolina", "valor": "76451"}, {"tipo": "2018 gasolina", "valor": "78919"}, {"tipo": "Zero km gasolina", "valor": "85400"}]