[{"tipo": "2004 gasolina", "valor": "24269"}, {"tipo": "2005 gasolina", "valor": "25872"}, {"tipo": "2006 gasolina", "valor": "28997"}, {"tipo": "2007 gasolina", "valor": "29975"}, {"tipo": "2008 gasolina", "valor": "31018"}, {"tipo": "2009 gasolina", "valor": "33613"}, {"tipo": "2010 gasolina", "valor": "34877"}, {"tipo": "2011 gasolina", "valor": "37052"}, {"tipo": "2012 gasolina", "valor": "41045"}, {"tipo": "2013 gasolina", "valor": "45575"}, {"tipo": "2014 gasolina", "valor": "48633"}, {"tipo": "2015 gasolina", "valor": "52349"}, {"tipo": "2016 gasolina", "valor": "57787"}, {"tipo": "2017 gasolina", "valor": "63898"}, {"tipo": "2018 gasolina", "valor": "66480"}, {"tipo": "Zero km gasolina", "valor": "71066"}]