[{"tipo": "2000 gasolina", "valor": "11315"}, {"tipo": "2001 gasolina", "valor": "12315"}, {"tipo": "2002 gasolina", "valor": "12732"}, {"tipo": "2003 gasolina", "valor": "13893"}, {"tipo": "2004 gasolina", "valor": "14451"}, {"tipo": "2005 gasolina", "valor": "14896"}, {"tipo": "2006 gasolina", "valor": "15521"}, {"tipo": "2007 gasolina", "valor": "16184"}, {"tipo": "2008 gasolina", "valor": "18301"}, {"tipo": "2009 gasolina", "valor": "19377"}, {"tipo": "2010 gasolina", "valor": "20021"}, {"tipo": "2011 gasolina", "valor": "20632"}]