[{"tipo": "2008 gasolina", "valor": "20996"}, {"tipo": "2009 gasolina", "valor": "24420"}, {"tipo": "2010 gasolina", "valor": "25660"}, {"tipo": "2011 gasolina", "valor": "26647"}, {"tipo": "2012 gasolina", "valor": "28106"}, {"tipo": "2013 gasolina", "valor": "29685"}, {"tipo": "2014 gasolina", "valor": "31645"}, {"tipo": "2015 gasolina", "valor": "33644"}, {"tipo": "2016 gasolina", "valor": "36176"}, {"tipo": "2017 gasolina", "valor": "39066"}, {"tipo": "2018 gasolina", "valor": "40998"}, {"tipo": "Zero km gasolina", "valor": "45566"}]