[{"tipo": "1990 gasolina", "valor": "385"}, {"tipo": "1991 gasolina", "valor": "405"}, {"tipo": "1992 gasolina", "valor": "419"}, {"tipo": "1993 gasolina", "valor": "438"}, {"tipo": "1994 gasolina", "valor": "467"}, {"tipo": "1995 gasolina", "valor": "533"}, {"tipo": "1996 gasolina", "valor": "593"}, {"tipo": "1997 gasolina", "valor": "670"}, {"tipo": "1998 gasolina", "valor": "693"}, {"tipo": "1999 gasolina", "valor": "727"}, {"tipo": "2000 gasolina", "valor": "756"}, {"tipo": "2001 gasolina", "valor": "788"}, {"tipo": "2002 gasolina", "valor": "926"}]