[{"tipo": "1994 gasolina", "valor": "16565"}, {"tipo": "1995 gasolina", "valor": "17776"}, {"tipo": "1996 gasolina", "valor": "19713"}, {"tipo": "1997 gasolina", "valor": "21456"}, {"tipo": "1998 gasolina", "valor": "22185"}, {"tipo": "1999 gasolina", "valor": "24561"}, {"tipo": "2000 gasolina", "valor": "25556"}, {"tipo": "2001 gasolina", "valor": "26542"}, {"tipo": "2002 gasolina", "valor": "27569"}, {"tipo": "2003 gasolina", "valor": "28754"}, {"tipo": "2004 gasolina", "valor": "29758"}, {"tipo": "2005 gasolina", "valor": "30698"}, {"tipo": "2006 gasolina", "valor": "31685"}, {"tipo": "2007 gasolina", "valor": "33367"}, {"tipo": "2008 gasolina", "valor": "34610"}, {"tipo": "2009 gasolina", "valor": "35965"}, {"tipo": "2010 gasolina", "valor": "37120"}, {"tipo": "2011 gasolina", "valor": "39760"}, {"tipo": "2012 gasolina", "valor": "41220"}, {"tipo": "2013 gasolina", "valor": "42474"}, {"tipo": "2014 gasolina", "valor": "44031"}, {"tipo": "2015 gasolina", "valor": "47084"}, {"tipo": "2016 gasolina", "valor": "53418"}, {"tipo": "2017 gasolina", "valor": "57513"}, {"tipo": "Zero km gasolina", "valor": "64758"}]