[{"tipo": "1994 gasolina", "valor": "16640"}, {"tipo": "1995 gasolina", "valor": "18463"}, {"tipo": "1996 gasolina", "valor": "19754"}, {"tipo": "1997 gasolina", "valor": "21963"}, {"tipo": "1998 gasolina", "valor": "23007"}, {"tipo": "1999 gasolina", "valor": "24572"}, {"tipo": "2000 gasolina", "valor": "25625"}, {"tipo": "2001 gasolina", "valor": "27151"}, {"tipo": "2002 gasolina", "valor": "27998"}, {"tipo": "2003 gasolina", "valor": "28926"}, {"tipo": "2004 gasolina", "valor": "29821"}, {"tipo": "2005 gasolina", "valor": "30854"}, {"tipo": "2006 gasolina", "valor": "31854"}, {"tipo": "2007 gasolina", "valor": "33451"}, {"tipo": "2008 gasolina", "valor": "34700"}, {"tipo": "2009 gasolina", "valor": "36054"}, {"tipo": "2010 gasolina", "valor": "37273"}, {"tipo": "2011 gasolina", "valor": "39896"}, {"tipo": "2012 gasolina", "valor": "41256"}, {"tipo": "2013 gasolina", "valor": "45776"}, {"tipo": "2014 gasolina", "valor": "47234"}, {"tipo": "2015 gasolina", "valor": "51114"}, {"tipo": "2016 gasolina", "valor": "58196"}, {"tipo": "2017 gasolina", "valor": "62948"}, {"tipo": "Zero km gasolina", "valor": "73499"}]