[{"tipo": "1995 gasolina", "valor": "19875"}, {"tipo": "1996 gasolina", "valor": "20640"}, {"tipo": "1997 gasolina", "valor": "22390"}, {"tipo": "1998 gasolina", "valor": "23201"}, {"tipo": "1999 gasolina", "valor": "24054"}, {"tipo": "2000 gasolina", "valor": "24834"}, {"tipo": "2001 gasolina", "valor": "25819"}, {"tipo": "2002 gasolina", "valor": "29849"}, {"tipo": "2003 gasolina", "valor": "31632"}, {"tipo": "2004 gasolina", "valor": "32606"}, {"tipo": "2005 gasolina", "valor": "34477"}, {"tipo": "2006 gasolina", "valor": "35861"}, {"tipo": "2007 gasolina", "valor": "37495"}, {"tipo": "2008 gasolina", "valor": "39652"}, {"tipo": "2009 gasolina", "valor": "43010"}, {"tipo": "2010 gasolina", "valor": "45566"}, {"tipo": "2011 gasolina", "valor": "48976"}]