[{"tipo": "1991 gasolina", "valor": "8370"}, {"tipo": "1992 gasolina", "valor": "8944"}, {"tipo": "1993 gasolina", "valor": "9255"}, {"tipo": "1994 gasolina", "valor": "9573"}, {"tipo": "1995 gasolina", "valor": "10347"}, {"tipo": "1996 gasolina", "valor": "10838"}, {"tipo": "1997 gasolina", "valor": "11248"}, {"tipo": "1998 gasolina", "valor": "11931"}, {"tipo": "1999 gasolina", "valor": "12386"}, {"tipo": "2000 gasolina", "valor": "12785"}, {"tipo": "2001 gasolina", "valor": "13389"}, {"tipo": "2002 gasolina", "valor": "14149"}, {"tipo": "2003 gasolina", "valor": "14949"}, {"tipo": "2004 gasolina", "valor": "15771"}, {"tipo": "2005 gasolina", "valor": "20087"}, {"tipo": "2006 gasolina", "valor": "20745"}, {"tipo": "2007 gasolina", "valor": "21405"}, {"tipo": "2008 gasolina", "valor": "22120"}]