[{"tipo": "1995 gasolina", "valor": "18921"}, {"tipo": "1996 gasolina", "valor": "21424"}, {"tipo": "1997 gasolina", "valor": "23179"}, {"tipo": "1998 gasolina", "valor": "24687"}, {"tipo": "1999 gasolina", "valor": "25650"}, {"tipo": "2000 gasolina", "valor": "27202"}, {"tipo": "2001 gasolina", "valor": "28445"}, {"tipo": "2002 gasolina", "valor": "29452"}, {"tipo": "2003 gasolina", "valor": "30387"}, {"tipo": "2004 gasolina", "valor": "31512"}, {"tipo": "2005 gasolina", "valor": "33262"}, {"tipo": "2006 gasolina", "valor": "34524"}, {"tipo": "2007 gasolina", "valor": "36702"}, {"tipo": "2008 gasolina", "valor": "38396"}, {"tipo": "2009 gasolina", "valor": "39671"}, {"tipo": "2010 gasolina", "valor": "40964"}, {"tipo": "2011 gasolina", "valor": "42668"}, {"tipo": "2012 gasolina", "valor": "46827"}, {"tipo": "2013 gasolina", "valor": "48883"}, {"tipo": "2014 gasolina", "valor": "50667"}, {"tipo": "2015 gasolina", "valor": "57565"}, {"tipo": "2016 gasolina", "valor": "61766"}, {"tipo": "2017 gasolina", "valor": "68833"}, {"tipo": "2018 gasolina", "valor": "72407"}, {"tipo": "Zero km gasolina", "valor": "82876"}]