[{"tipo": "1995 gasolina", "valor": "19710"}, {"tipo": "1996 gasolina", "valor": "20519"}, {"tipo": "1997 gasolina", "valor": "22364"}, {"tipo": "1998 gasolina", "valor": "23572"}, {"tipo": "2002 gasolina", "valor": "29779"}, {"tipo": "2003 gasolina", "valor": "31521"}, {"tipo": "2004 gasolina", "valor": "32574"}, {"tipo": "2005 gasolina", "valor": "34252"}, {"tipo": "2006 gasolina", "valor": "35297"}, {"tipo": "2007 gasolina", "valor": "37054"}, {"tipo": "2008 gasolina", "valor": "38256"}, {"tipo": "2009 gasolina", "valor": "40554"}]