[{"tipo": "2005 gasolina", "valor": "29432"}, {"tipo": "2006 gasolina", "valor": "30454"}, {"tipo": "2007 gasolina", "valor": "32352"}, {"tipo": "2008 gasolina", "valor": "34751"}, {"tipo": "2009 gasolina", "valor": "36072"}, {"tipo": "2010 gasolina", "valor": "37313"}, {"tipo": "2011 gasolina", "valor": "38951"}, {"tipo": "2012 gasolina", "valor": "41021"}, {"tipo": "2013 gasolina", "valor": "42334"}, {"tipo": "2014 gasolina", "valor": "45134"}, {"tipo": "2015 gasolina", "valor": "47931"}, {"tipo": "2016 gasolina", "valor": "52839"}, {"tipo": "2017 gasolina", "valor": "55973"}, {"tipo": "Zero km gasolina", "valor": "65861"}]