[{"tipo": "1991 gasolina", "valor": "3686"}, {"tipo": "1992 gasolina", "valor": "4235"}, {"tipo": "1993 gasolina", "valor": "5218"}, {"tipo": "1994 gasolina", "valor": "5691"}, {"tipo": "1995 gasolina", "valor": "5914"}, {"tipo": "1996 gasolina", "valor": "6580"}, {"tipo": "1997 gasolina", "valor": "7213"}, {"tipo": "1998 gasolina", "valor": "8015"}, {"tipo": "1999 gasolina", "valor": "8266"}, {"tipo": "2000 gasolina", "valor": "8825"}, {"tipo": "2001 gasolina", "valor": "9892"}, {"tipo": "2002 gasolina", "valor": "11174"}, {"tipo": "2003 gasolina", "valor": "12033"}, {"tipo": "2004 gasolina", "valor": "12859"}]