[{"tipo": "1993 gasolina", "valor": "27632"}, {"tipo": "1994 gasolina", "valor": "28582"}, {"tipo": "1995 gasolina", "valor": "29641"}, {"tipo": "1996 gasolina", "valor": "32715"}, {"tipo": "1997 gasolina", "valor": "34745"}, {"tipo": "1998 gasolina", "valor": "36754"}, {"tipo": "1999 gasolina", "valor": "37965"}, {"tipo": "2000 gasolina", "valor": "39189"}, {"tipo": "2001 gasolina", "valor": "40455"}, {"tipo": "2002 gasolina", "valor": "41706"}, {"tipo": "2003 gasolina", "valor": "44659"}, {"tipo": "2004 gasolina", "valor": "47521"}, {"tipo": "2005 gasolina", "valor": "49211"}, {"tipo": "2006 gasolina", "valor": "51356"}, {"tipo": "2007 gasolina", "valor": "52981"}, {"tipo": "2008 gasolina", "valor": "59239"}, {"tipo": "2009 gasolina", "valor": "61319"}, {"tipo": "2010 gasolina", "valor": "66560"}, {"tipo": "2011 gasolina", "valor": "70905"}, {"tipo": "2012 gasolina", "valor": "83256"}, {"tipo": "2013 gasolina", "valor": "86213"}, {"tipo": "2014 gasolina", "valor": "97774"}, {"tipo": "2015 gasolina", "valor": "111981"}, {"tipo": "Zero km gasolina", "valor": "121750"}]