[{"tipo": "1990 gasolina", "valor": "1289"}, {"tipo": "1991 gasolina", "valor": "1348"}, {"tipo": "1992 gasolina", "valor": "1404"}, {"tipo": "1993 gasolina", "valor": "1456"}, {"tipo": "1994 gasolina", "valor": "1567"}, {"tipo": "1995 gasolina", "valor": "1617"}, {"tipo": "1996 gasolina", "valor": "1703"}, {"tipo": "1997 gasolina", "valor": "1757"}, {"tipo": "1998 gasolina", "valor": "1859"}, {"tipo": "1999 gasolina", "valor": "1920"}, {"tipo": "2000 gasolina", "valor": "2047"}, {"tipo": "2001 gasolina", "valor": "2282"}, {"tipo": "2002 gasolina", "valor": "2395"}, {"tipo": "2003 gasolina", "valor": "2504"}, {"tipo": "2004 gasolina", "valor": "2594"}, {"tipo": "2009 gasolina", "valor": "3797"}, {"tipo": "2010 gasolina", "valor": "3955"}, {"tipo": "2011 gasolina", "valor": "4166"}, {"tipo": "2012 gasolina", "valor": "4356"}, {"tipo": "2013 gasolina", "valor": "4602"}, {"tipo": "2014 gasolina", "valor": "5369"}, {"tipo": "2015 gasolina", "valor": "5876"}, {"tipo": "2016 gasolina", "valor": "6845"}, {"tipo": "2017 gasolina", "valor": "7096"}, {"tipo": "2018 gasolina", "valor": "7319"}, {"tipo": "Zero km gasolina", "valor": "7956"}]