[{"tipo": "2007 gasolina", "valor": "7101"}, {"tipo": "2008 gasolina", "valor": "7322"}, {"tipo": "2009 gasolina", "valor": "7827"}, {"tipo": "2010 gasolina", "valor": "8469"}, {"tipo": "2011 gasolina", "valor": "8854"}, {"tipo": "2012 gasolina", "valor": "9132"}, {"tipo": "2013 gasolina", "valor": "9416"}, {"tipo": "2014 gasolina", "valor": "9942"}, {"tipo": "2015 gasolina", "valor": "10805"}, {"tipo": "2016 gasolina", "valor": "12002"}, {"tipo": "2017 gasolina", "valor": "13160"}, {"tipo": "Zero km gasolina", "valor": "14144"}]