[{"tipo": "2004 gasolina", "valor": "23448"}, {"tipo": "2005 gasolina", "valor": "26393"}, {"tipo": "2006 gasolina", "valor": "27563"}, {"tipo": "2007 gasolina", "valor": "28594"}, {"tipo": "2008 gasolina", "valor": "33525"}, {"tipo": "2009 gasolina", "valor": "35153"}, {"tipo": "2010 gasolina", "valor": "36599"}, {"tipo": "2011 gasolina", "valor": "39976"}, {"tipo": "2012 gasolina", "valor": "44469"}, {"tipo": "2013 gasolina", "valor": "50715"}, {"tipo": "2014 gasolina", "valor": "53466"}, {"tipo": "2015 gasolina", "valor": "64508"}, {"tipo": "Zero km gasolina", "valor": "70175"}]