[{"tipo": "1999 gasolina", "valor": "2134"}, {"tipo": "2000 gasolina", "valor": "2524"}, {"tipo": "2001 gasolina", "valor": "2618"}, {"tipo": "2002 gasolina", "valor": "2758"}, {"tipo": "2003 gasolina", "valor": "2940"}, {"tipo": "2004 gasolina", "valor": "3054"}, {"tipo": "2005 gasolina", "valor": "3196"}, {"tipo": "2006 gasolina", "valor": "3248"}, {"tipo": "2012 gasolina", "valor": "4210"}, {"tipo": "2013 gasolina", "valor": "5048"}, {"tipo": "2014 gasolina", "valor": "5401"}, {"tipo": "2015 gasolina", "valor": "6012"}]