[{"tipo": "1992 gasolina", "valor": "12857"}, {"tipo": "1993 gasolina", "valor": "13416"}, {"tipo": "1994 gasolina", "valor": "14250"}, {"tipo": "1995 gasolina", "valor": "14844"}, {"tipo": "1996 gasolina", "valor": "15610"}, {"tipo": "1997 gasolina", "valor": "16152"}, {"tipo": "1998 gasolina", "valor": "16710"}, {"tipo": "1999 gasolina", "valor": "17421"}, {"tipo": "2000 gasolina", "valor": "18533"}, {"tipo": "2001 gasolina", "valor": "19398"}, {"tipo": "2002 gasolina", "valor": "20021"}, {"tipo": "2012 gasolina", "valor": "25170"}, {"tipo": "2013 gasolina", "valor": "26854"}, {"tipo": "2014 gasolina", "valor": "27875"}, {"tipo": "2015 gasolina", "valor": "29220"}]