[{"tipo": "2005 gasolina", "valor": "3056"}, {"tipo": "2006 gasolina", "valor": "3299"}, {"tipo": "2007 gasolina", "valor": "3462"}, {"tipo": "2008 gasolina", "valor": "3656"}, {"tipo": "2009 gasolina", "valor": "3787"}, {"tipo": "2010 gasolina", "valor": "3949"}, {"tipo": "2011 gasolina", "valor": "4122"}, {"tipo": "2012 gasolina", "valor": "4349"}, {"tipo": "2013 gasolina", "valor": "4533"}, {"tipo": "2014 gasolina", "valor": "5278"}, {"tipo": "2015 gasolina", "valor": "5619"}, {"tipo": "2016 gasolina", "valor": "6721"}, {"tipo": "2017 gasolina", "valor": "7020"}, {"tipo": "2018 gasolina", "valor": "7266"}, {"tipo": "Zero km gasolina", "valor": "7885"}]