[{"tipo": "1993 gasolina", "valor": "15399"}, {"tipo": "1994 gasolina", "valor": "16313"}, {"tipo": "1995 gasolina", "valor": "17916"}, {"tipo": "1996 gasolina", "valor": "18745"}, {"tipo": "1997 gasolina", "valor": "19320"}, {"tipo": "1998 gasolina", "valor": "19965"}, {"tipo": "1999 gasolina", "valor": "20854"}, {"tipo": "2000 gasolina", "valor": "21965"}, {"tipo": "2001 gasolina", "valor": "22785"}, {"tipo": "2002 gasolina", "valor": "24825"}, {"tipo": "2003 gasolina", "valor": "27452"}, {"tipo": "2004 gasolina", "valor": "28429"}]