[{"tipo": "2003 gasolina", "valor": "21096"}, {"tipo": "2004 gasolina", "valor": "22230"}, {"tipo": "2005 gasolina", "valor": "24522"}, {"tipo": "2006 gasolina", "valor": "25278"}, {"tipo": "2007 gasolina", "valor": "28325"}, {"tipo": "2008 gasolina", "valor": "29279"}, {"tipo": "2009 gasolina", "valor": "30328"}, {"tipo": "2010 gasolina", "valor": "31844"}, {"tipo": "2011 gasolina", "valor": "32884"}, {"tipo": "2012 gasolina", "valor": "35119"}, {"tipo": "2013 gasolina", "valor": "39236"}, {"tipo": "2014 gasolina", "valor": "43978"}]