[{"tipo": "1991 gasolina", "valor": "3380"}, {"tipo": "1994 gasolina", "valor": "4369"}, {"tipo": "1995 gasolina", "valor": "4624"}, {"tipo": "1996 gasolina", "valor": "5255"}, {"tipo": "1997 gasolina", "valor": "5666"}, {"tipo": "1998 gasolina", "valor": "6380"}, {"tipo": "1999 gasolina", "valor": "7298"}, {"tipo": "2000 gasolina", "valor": "7727"}, {"tipo": "2001 gasolina", "valor": "8710"}, {"tipo": "2002 gasolina", "valor": "9009"}, {"tipo": "2003 gasolina", "valor": "9323"}, {"tipo": "2004 gasolina", "valor": "9780"}, {"tipo": "2006 gasolina", "valor": "10232"}]