[{"tipo": "1995 gasolina", "valor": "1338"}, {"tipo": "1996 gasolina", "valor": "1535"}, {"tipo": "1997 gasolina", "valor": "1590"}, {"tipo": "1998 gasolina", "valor": "1785"}, {"tipo": "2000 gasolina", "valor": "2026"}, {"tipo": "2002 gasolina", "valor": "2331"}, {"tipo": "2005 gasolina", "valor": "2534"}, {"tipo": "2006 gasolina", "valor": "2707"}, {"tipo": "2007 gasolina", "valor": "2830"}, {"tipo": "2008 gasolina", "valor": "3286"}, {"tipo": "2009 gasolina", "valor": "3413"}, {"tipo": "2010 gasolina", "valor": "3688"}, {"tipo": "2011 gasolina", "valor": "4007"}, {"tipo": "2012 gasolina", "valor": "4230"}]