[{"tipo": "2004 gasolina", "valor": "1465"}, {"tipo": "2005 gasolina", "valor": "1589"}, {"tipo": "2006 gasolina", "valor": "1648"}, {"tipo": "2007 gasolina", "valor": "1745"}, {"tipo": "2008 gasolina", "valor": "1979"}, {"tipo": "2009 gasolina", "valor": "2123"}, {"tipo": "2010 gasolina", "valor": "2218"}, {"tipo": "2011 gasolina", "valor": "2373"}, {"tipo": "2013 gasolina", "valor": "2575"}, {"tipo": "2014 gasolina", "valor": "2669"}, {"tipo": "2015 gasolina", "valor": "2933"}, {"tipo": "2016 gasolina", "valor": "3138"}]