[{"tipo": "2001 gasolina", "valor": "5584"}, {"tipo": "2002 gasolina", "valor": "5801"}, {"tipo": "2003 gasolina", "valor": "5980"}, {"tipo": "2004 gasolina", "valor": "6300"}, {"tipo": "2005 gasolina", "valor": "6585"}, {"tipo": "2006 gasolina", "valor": "6944"}, {"tipo": "2007 gasolina", "valor": "7194"}, {"tipo": "2008 gasolina", "valor": "7666"}, {"tipo": "2009 gasolina", "valor": "7956"}, {"tipo": "2010 gasolina", "valor": "8395"}, {"tipo": "2011 gasolina", "valor": "8659"}, {"tipo": "2012 gasolina", "valor": "9405"}, {"tipo": "2013 gasolina", "valor": "10065"}]