[{"tipo": "1995 gasolina", "valor": "1290"}, {"tipo": "1996 gasolina", "valor": "1414"}, {"tipo": "1997 gasolina", "valor": "1482"}, {"tipo": "1998 gasolina", "valor": "1603"}, {"tipo": "1999 gasolina", "valor": "1660"}, {"tipo": "2000 gasolina", "valor": "1760"}, {"tipo": "2001 gasolina", "valor": "1818"}, {"tipo": "2002 gasolina", "valor": "1892"}, {"tipo": "2003 gasolina", "valor": "1955"}, {"tipo": "2004 gasolina", "valor": "2050"}, {"tipo": "2005 gasolina", "valor": "2171"}, {"tipo": "2006 gasolina", "valor": "2349"}]